time,open,high,low,close,tick_volume,spread,real_volume
2024-09-25 20:39:00,0.62703,0.62703,0.62692,0.62695,22,12,0
2024-09-25 20:40:00,0.62697,0.62697,0.62686,0.62688,13,12,0
2024-09-25 20:41:00,0.62685,0.62688,0.62682,0.62682,17,12,0
2024-09-25 20:42:00,0.6268,0.6268,0.62664,0.62666,25,12,0
2024-09-25 20:43:00,0.62667,0.62675,0.62665,0.6267,29,12,0
2024-09-25 20:44:00,0.62669,0.62677,0.62669,0.62676,23,12,0
2024-09-25 20:45:00,0.62674,0.62675,0.62669,0.62669,32,12,0
2024-09-25 20:46:00,0.62669,0.62669,0.62656,0.62657,17,12,0
2024-09-25 20:47:00,0.62657,0.62663,0.62655,0.62658,29,12,0
2024-09-25 20:48:00,0.62657,0.62666,0.62652,0.62664,34,12,0
2024-09-25 20:49:00,0.62664,0.62674,0.62659,0.62674,17,12,0
2024-09-25 20:50:00,0.62673,0.6269,0.6267,0.6269,26,12,0
2024-09-25 20:51:00,0.6269,0.62692,0.62684,0.6269,25,12,0
2024-09-25 20:52:00,0.6269,0.62691,0.62685,0.6269,23,12,0
2024-09-25 20:53:00,0.6269,0.62701,0.6269,0.62699,29,12,0
2024-09-25 20:54:00,0.62699,0.62701,0.62694,0.62698,38,12,0
2024-09-25 20:55:00,0.62698,0.62703,0.62697,0.627,36,12,0
2024-09-25 20:56:00,0.62699,0.62703,0.62696,0.62703,25,12,0
2024-09-25 20:57:00,0.62701,0.62709,0.627,0.62708,15,12,0
2024-09-25 20:58:00,0.62708,0.62723,0.62708,0.62722,24,12,0
2024-09-25 20:59:00,0.62722,0.62723,0.62714,0.62715,32,12,0
2024-09-25 21:00:00,0.62714,0.62724,0.62714,0.6272,29,12,0
2024-09-25 21:01:00,0.62719,0.62721,0.62711,0.62713,39,11,0
2024-09-25 21:02:00,0.62714,0.62715,0.6271,0.6271,12,12,0
2024-09-25 21:03:00,0.6271,0.6271,0.62699,0.62705,29,12,0
2024-09-25 21:04:00,0.62705,0.62714,0.62704,0.62713,29,12,0
2024-09-25 21:05:00,0.62713,0.62725,0.62711,0.62725,25,12,0
2024-09-25 21:06:00,0.62725,0.62733,0.62723,0.62729,24,12,0
2024-09-25 21:07:00,0.62728,0.62728,0.62708,0.6271,21,12,0
2024-09-25 21:08:00,0.6271,0.6271,0.62695,0.62698,32,12,0
2024-09-25 21:09:00,0.62699,0.6271,0.62699,0.62709,19,12,0
2024-09-25 21:10:00,0.62709,0.62709,0.627,0.62705,32,12,0
2024-09-25 21:11:00,0.62705,0.62714,0.62703,0.62713,23,12,0
2024-09-25 21:12:00,0.62713,0.62713,0.62706,0.6271,16,12,0
2024-09-25 21:13:00,0.6271,0.6271,0.62703,0.62707,16,12,0
2024-09-25 21:14:00,0.62708,0.62708,0.62683,0.62684,35,12,0
2024-09-25 21:15:00,0.62684,0.62688,0.62677,0.62688,36,12,0
2024-09-25 21:16:00,0.62688,0.62689,0.6268,0.62688,25,12,0
2024-09-25 21:17:00,0.62685,0.6269,0.62684,0.6269,29,12,0
2024-09-25 21:18:00,0.6269,0.62694,0.6269,0.62694,16,12,0
2024-09-25 21:19:00,0.62694,0.62695,0.62683,0.62683,20,12,0
2024-09-25 21:20:00,0.62683,0.62686,0.62678,0.62685,25,12,0
2024-09-25 21:21:00,0.62684,0.62697,0.62682,0.62697,24,12,0
2024-09-25 21:22:00,0.62697,0.62701,0.62689,0.62689,28,12,0
2024-09-25 21:23:00,0.6269,0.62691,0.6268,0.62687,26,12,0
2024-09-25 21:24:00,0.62689,0.6269,0.62677,0.62685,27,12,0
2024-09-25 21:25:00,0.62685,0.6269,0.62679,0.6269,25,12,0
2024-09-25 21:26:00,0.62691,0.62695,0.6269,0.62694,18,12,0
2024-09-25 21:27:00,0.62694,0.62698,0.62689,0.62696,19,12,0
2024-09-25 21:28:00,0.62698,0.62703,0.62696,0.62703,16,12,0
2024-09-25 21:29:00,0.62703,0.6272,0.62701,0.6272,30,12,0
2024-09-25 21:30:00,0.62721,0.62724,0.6272,0.62723,30,12,0
2024-09-25 21:31:00,0.62723,0.62725,0.6271,0.62713,27,12,0
2024-09-25 21:32:00,0.62713,0.62716,0.62709,0.62713,24,12,0
2024-09-25 21:33:00,0.62713,0.62713,0.62692,0.62694,20,12,0
2024-09-25 21:34:00,0.62694,0.62694,0.62689,0.62689,24,12,0
2024-09-25 21:35:00,0.62689,0.62694,0.62689,0.6269,27,12,0
2024-09-25 21:36:00,0.6269,0.62696,0.62688,0.62696,31,12,0
2024-09-25 21:37:00,0.62696,0.62709,0.62696,0.62708,17,12,0
2024-09-25 21:38:00,0.62709,0.62709,0.627,0.62702,21,12,0
2024-09-25 21:39:00,0.62702,0.62704,0.62698,0.62699,23,12,0
2024-09-25 21:40:00,0.62698,0.62703,0.62697,0.62697,26,12,0
2024-09-25 21:41:00,0.62697,0.62699,0.62694,0.62698,29,12,0
2024-09-25 21:42:00,0.62698,0.62698,0.62684,0.62688,19,12,0
2024-09-25 21:43:00,0.62688,0.62695,0.62688,0.62693,14,12,0
2024-09-25 21:44:00,0.62696,0.62699,0.62693,0.62699,22,12,0
2024-09-25 21:45:00,0.62698,0.62704,0.62692,0.62698,33,12,0
2024-09-25 21:46:00,0.62696,0.627,0.62694,0.62694,31,12,0
2024-09-25 21:47:00,0.62693,0.62702,0.62693,0.62697,28,12,0
2024-09-25 21:48:00,0.62697,0.62702,0.62697,0.62699,19,12,0
2024-09-25 21:49:00,0.627,0.62709,0.627,0.62709,29,12,0
2024-09-25 21:50:00,0.62709,0.62713,0.62694,0.62694,25,12,0
2024-09-25 21:51:00,0.62694,0.62694,0.62685,0.62694,18,12,0
2024-09-25 21:52:00,0.62694,0.627,0.62694,0.62695,14,12,0
2024-09-25 21:53:00,0.62698,0.62701,0.62693,0.62699,21,12,0
2024-09-25 21:54:00,0.62699,0.62703,0.62693,0.62694,31,12,0
2024-09-25 21:55:00,0.62694,0.62697,0.6269,0.62694,31,12,0
2024-09-25 21:56:00,0.62694,0.62694,0.62675,0.62675,29,12,0
2024-09-25 21:57:00,0.62678,0.62678,0.62638,0.62638,40,12,0
2024-09-25 21:58:00,0.62638,0.62644,0.6263,0.62633,27,12,0
2024-09-25 21:59:00,0.62631,0.62642,0.62629,0.62642,29,12,0
2024-09-25 22:00:00,0.62643,0.62659,0.6264,0.62659,39,7,0
2024-09-25 22:01:00,0.62665,0.62665,0.62661,0.62664,18,12,0
2024-09-25 22:02:00,0.62664,0.62677,0.62663,0.62674,28,12,0
2024-09-25 22:03:00,0.62678,0.62687,0.62674,0.62686,24,12,0
2024-09-25 22:04:00,0.62685,0.62689,0.62681,0.62684,31,11,0
2024-09-25 22:05:00,0.62686,0.62693,0.62679,0.62683,20,12,0
2024-09-25 22:06:00,0.62683,0.62688,0.62679,0.62686,31,12,0
2024-09-25 22:07:00,0.62688,0.62689,0.62683,0.62687,34,12,0
2024-09-25 22:08:00,0.62684,0.62694,0.62683,0.62693,31,12,0
2024-09-25 22:09:00,0.62692,0.62694,0.62684,0.62685,54,12,0
2024-09-25 22:10:00,0.62684,0.62688,0.62678,0.6268,29,12,0
2024-09-25 22:11:00,0.62679,0.62679,0.62671,0.62673,37,12,0
2024-09-25 22:12:00,0.6267,0.62672,0.62662,0.62662,35,12,0
2024-09-25 22:13:00,0.62663,0.62673,0.62663,0.62671,32,12,0
2024-09-25 22:14:00,0.6267,0.62679,0.62659,0.62662,31,12,0
2024-09-25 22:15:00,0.62662,0.62671,0.62658,0.6267,46,12,0
2024-09-25 22:16:00,0.62672,0.62673,0.62666,0.6267,31,12,0
2024-09-25 22:17:00,0.62669,0.62676,0.62668,0.62668,18,12,0
2024-09-25 22:18:00,0.62669,0.62676,0.62668,0.62674,15,12,0
2024-09-25 22:19:00,0.62673,0.62673,0.62666,0.62666,15,12,0
2024-09-25 22:20:00,0.62667,0.62669,0.62667,0.62668,6,12,0
2024-09-25 22:21:00,0.62668,0.62671,0.62668,0.62668,5,5,0
2024-09-25 22:22:00,0.62668,0.62668,0.62665,0.62668,6,12,0
2024-09-25 22:23:00,0.62668,0.62669,0.62663,0.62663,11,12,0
2024-09-25 22:24:00,0.62663,0.62664,0.62662,0.62663,14,12,0
2024-09-25 22:25:00,0.62663,0.62667,0.62662,0.62664,11,12,0
2024-09-25 22:26:00,0.62663,0.62664,0.62652,0.62652,14,12,0
2024-09-25 22:27:00,0.62653,0.62658,0.62651,0.62652,18,12,0
2024-09-25 22:28:00,0.62652,0.62654,0.62647,0.62647,15,12,0
2024-09-25 22:29:00,0.62647,0.62649,0.62647,0.62648,18,12,0
2024-09-25 22:30:00,0.62648,0.6265,0.62645,0.62647,16,12,0
2024-09-25 22:31:00,0.62646,0.62648,0.62643,0.62644,18,12,0
2024-09-25 22:32:00,0.62644,0.62648,0.62639,0.62639,31,12,0
2024-09-25 22:33:00,0.62638,0.62639,0.62637,0.62638,13,12,0
2024-09-25 22:34:00,0.62638,0.62638,0.62632,0.62634,23,12,0
2024-09-25 22:35:00,0.62634,0.62635,0.62631,0.62633,11,7,0
2024-09-25 22:36:00,0.62633,0.62633,0.62629,0.62633,8,12,0
2024-09-25 22:37:00,0.62633,0.62633,0.62626,0.62626,22,12,0
2024-09-25 22:38:00,0.62627,0.62627,0.62623,0.62624,12,12,0
2024-09-25 22:39:00,0.62622,0.6263,0.62621,0.62629,28,12,0
2024-09-25 22:40:00,0.62629,0.62633,0.62628,0.62633,20,12,0
2024-09-25 22:41:00,0.62631,0.62633,0.62628,0.62632,22,12,0
2024-09-25 22:42:00,0.62628,0.62631,0.62623,0.62623,31,12,0
2024-09-25 22:43:00,0.62624,0.62633,0.62623,0.62626,27,12,0
2024-09-25 22:44:00,0.62623,0.62624,0.62623,0.62623,19,12,0
2024-09-25 22:45:00,0.62623,0.62629,0.62623,0.62624,17,12,0
2024-09-25 22:46:00,0.62623,0.62626,0.62621,0.62623,15,12,0
2024-09-25 22:47:00,0.62622,0.62624,0.62622,0.62624,9,12,0
2024-09-25 22:48:00,0.62623,0.62633,0.62623,0.62629,17,12,0
2024-09-25 22:49:00,0.62628,0.62634,0.62628,0.62633,18,12,0
2024-09-25 22:50:00,0.6263,0.62633,0.62628,0.62628,9,12,0
2024-09-25 22:51:00,0.62628,0.62633,0.62628,0.62633,9,12,0
2024-09-25 22:52:00,0.62632,0.62633,0.62625,0.62625,14,12,0
2024-09-25 22:53:00,0.62627,0.62632,0.62626,0.62631,22,12,0
2024-09-25 22:54:00,0.62632,0.62635,0.62626,0.62633,31,12,0
2024-09-25 22:55:00,0.62632,0.62632,0.62622,0.62623,18,12,0
2024-09-25 22:56:00,0.62623,0.62623,0.62612,0.62618,25,12,0
2024-09-25 22:57:00,0.6262,0.62622,0.62613,0.62621,42,12,0
2024-09-25 22:58:00,0.62623,0.62624,0.62619,0.62623,35,12,0
2024-09-25 22:59:00,0.62622,0.62623,0.62616,0.62621,32,12,0
2024-09-25 23:00:00,0.6262,0.62623,0.62617,0.62623,23,12,0
2024-09-25 23:01:00,0.62623,0.62627,0.62613,0.6262,40,12,0
2024-09-25 23:02:00,0.6262,0.62623,0.62611,0.62617,33,12,0
2024-09-25 23:03:00,0.62616,0.62618,0.62608,0.62616,31,12,0
2024-09-25 23:04:00,0.62616,0.62618,0.62614,0.62616,27,12,0
2024-09-25 23:05:00,0.62618,0.62618,0.62606,0.62608,24,12,0
2024-09-25 23:06:00,0.62607,0.62612,0.62606,0.62607,28,12,0
2024-09-25 23:07:00,0.62606,0.6261,0.62603,0.62603,13,12,0
2024-09-25 23:08:00,0.62603,0.62614,0.62603,0.62611,25,12,0
2024-09-25 23:09:00,0.62611,0.62614,0.62611,0.62614,25,12,0
2024-09-25 23:10:00,0.62613,0.62622,0.62613,0.62622,19,12,0
2024-09-25 23:11:00,0.62622,0.62625,0.62621,0.62624,25,12,0
2024-09-25 23:12:00,0.62627,0.62628,0.62624,0.62624,29,12,0
2024-09-25 23:13:00,0.62627,0.62627,0.62622,0.62624,12,12,0
2024-09-25 23:14:00,0.62624,0.62628,0.62624,0.62628,23,12,0
2024-09-25 23:15:00,0.62629,0.62633,0.62629,0.62632,19,12,0
2024-09-25 23:16:00,0.62633,0.62639,0.62633,0.62636,39,12,0
2024-09-25 23:17:00,0.62638,0.62642,0.62637,0.62641,10,12,0
2024-09-25 23:18:00,0.62639,0.62651,0.62639,0.62651,14,12,0
2024-09-25 23:19:00,0.6265,0.62653,0.62644,0.62644,30,12,0
2024-09-25 23:20:00,0.62646,0.62646,0.62637,0.62638,42,12,0
2024-09-25 23:21:00,0.62638,0.62638,0.62636,0.62637,6,12,0
2024-09-25 23:22:00,0.62638,0.62638,0.62633,0.62633,3,12,0
2024-09-25 23:23:00,0.62633,0.62633,0.62628,0.62628,4,12,0
2024-09-25 23:24:00,0.62628,0.62628,0.62623,0.62623,6,12,0
2024-09-25 23:25:00,0.62623,0.62628,0.62623,0.62623,6,12,0
2024-09-25 23:26:00,0.62623,0.62623,0.62613,0.62613,5,12,0
2024-09-25 23:27:00,0.62611,0.62613,0.62611,0.62613,2,12,0
2024-09-25 23:28:00,0.62617,0.62618,0.62616,0.62618,7,12,0
2024-09-25 23:29:00,0.62618,0.62618,0.62615,0.62618,22,12,0
2024-09-25 23:30:00,0.62614,0.62614,0.62613,0.62613,2,12,0
2024-09-25 23:31:00,0.62613,0.62614,0.6261,0.62613,5,12,0
2024-09-25 23:32:00,0.62613,0.62614,0.62603,0.62603,10,12,0
2024-09-25 23:33:00,0.62603,0.62604,0.62602,0.62603,9,12,0
2024-09-25 23:34:00,0.62603,0.62603,0.62598,0.62599,5,12,0
2024-09-25 23:35:00,0.62598,0.62599,0.62592,0.62592,7,12,0
2024-09-25 23:36:00,0.62592,0.62594,0.62592,0.62593,10,12,0
2024-09-25 23:37:00,0.62592,0.62594,0.62592,0.62593,14,12,0
2024-09-25 23:38:00,0.62594,0.62594,0.62592,0.62592,3,12,0
2024-09-25 23:39:00,0.62592,0.62599,0.62592,0.62597,19,12,0
2024-09-25 23:40:00,0.62597,0.62598,0.62596,0.62597,9,12,0
2024-09-25 23:41:00,0.62598,0.62618,0.62598,0.62613,14,12,0
2024-09-25 23:42:00,0.62613,0.62624,0.62613,0.62622,14,12,0
2024-09-25 23:43:00,0.62621,0.62621,0.62609,0.62615,22,12,0
2024-09-25 23:44:00,0.62614,0.62614,0.62613,0.62614,7,12,0
2024-09-25 23:45:00,0.62615,0.62618,0.62615,0.62618,7,12,0
2024-09-25 23:46:00,0.62615,0.62615,0.62608,0.62609,8,12,0
2024-09-25 23:47:00,0.62609,0.62619,0.62608,0.62616,16,12,0
2024-09-25 23:48:00,0.62618,0.62619,0.62613,0.62615,30,12,0
2024-09-25 23:49:00,0.62615,0.62618,0.62614,0.62616,28,12,0
2024-09-25 23:50:00,0.62611,0.62613,0.62603,0.62604,11,12,0
2024-09-25 23:51:00,0.62602,0.62606,0.62602,0.62605,19,12,0
2024-09-25 23:52:00,0.62605,0.62608,0.62602,0.62606,14,12,0
2024-09-25 23:53:00,0.62606,0.62607,0.62602,0.62605,12,12,0
2024-09-25 23:54:00,0.62607,0.62608,0.62604,0.62607,29,12,0
2024-09-25 23:55:00,0.62615,0.62616,0.62605,0.62609,22,5,0
2024-09-25 23:56:00,0.62609,0.62612,0.62608,0.62609,39,20,0
2024-09-25 23:57:00,0.62611,0.62612,0.62606,0.6261,71,21,0
2024-09-25 23:58:00,0.62609,0.62616,0.62608,0.62612,23,20,0
2024-09-25 23:59:00,0.62612,0.62612,0.62605,0.62612,11,23,0
2024-09-26 00:00:00,0.62599,0.62612,0.62599,0.62612,2,50,0
2024-09-26 00:01:00,0.62605,0.62605,0.62549,0.62549,2,34,0
2024-09-26 00:02:00,0.62549,0.62549,0.62549,0.62549,1,173,0
2024-09-26 00:03:00,0.62549,0.62596,0.62549,0.62596,4,135,0
2024-09-26 00:04:00,0.6261,0.6261,0.6261,0.6261,1,124,0
2024-09-26 00:05:00,0.62571,0.62641,0.62564,0.62586,7,113,0
2024-09-26 00:06:00,0.626,0.62639,0.62586,0.62639,7,99,0
2024-09-26 00:07:00,0.62629,0.62629,0.62616,0.62619,43,68,0
2024-09-26 00:08:00,0.6262,0.62621,0.62616,0.62616,6,70,0
2024-09-26 00:09:00,0.62615,0.62615,0.62612,0.62612,7,73,0
2024-09-26 00:10:00,0.62615,0.62615,0.62608,0.62609,8,72,0
2024-09-26 00:11:00,0.6261,0.62613,0.6261,0.62611,6,74,0
2024-09-26 00:12:00,0.62612,0.62623,0.62611,0.62622,8,60,0
2024-09-26 00:13:00,0.62623,0.62623,0.62622,0.62623,3,69,0
2024-09-26 00:14:00,0.62623,0.62624,0.62587,0.62592,24,54,0
2024-09-26 00:15:00,0.62588,0.62608,0.62588,0.62602,13,38,0
2024-09-26 00:16:00,0.62612,0.62612,0.62603,0.62607,15,38,0
2024-09-26 00:17:00,0.62605,0.6261,0.62605,0.62609,13,47,0
2024-09-26 00:18:00,0.6261,0.62615,0.62605,0.62606,15,34,0
2024-09-26 00:19:00,0.62605,0.62614,0.62605,0.62605,12,31,0
2024-09-26 00:20:00,0.62605,0.62615,0.62605,0.62607,6,40,0
2024-09-26 00:21:00,0.62607,0.6261,0.62606,0.6261,7,37,0
2024-09-26 00:22:00,0.6261,0.6261,0.62599,0.6261,4,37,0
2024-09-26 00:23:00,0.6261,0.6261,0.626,0.62603,5,37,0
2024-09-26 00:24:00,0.62602,0.62606,0.626,0.62606,6,42,0
2024-09-26 00:25:00,0.62606,0.62613,0.62603,0.62608,14,29,0
2024-09-26 00:26:00,0.62608,0.62608,0.62605,0.62605,4,51,0
2024-09-26 00:27:00,0.626,0.62604,0.626,0.62604,2,52,0
2024-09-26 00:28:00,0.626,0.62604,0.626,0.62604,2,52,0
2024-09-26 00:29:00,0.626,0.62604,0.626,0.62604,2,52,0
2024-09-26 00:30:00,0.62605,0.62607,0.62604,0.62605,5,38,0
2024-09-26 00:31:00,0.62607,0.62608,0.62607,0.62608,2,36,0
2024-09-26 00:32:00,0.62608,0.6261,0.62608,0.62609,4,34,0
2024-09-26 00:33:00,0.62608,0.62609,0.62608,0.62609,2,34,0
2024-09-26 00:34:00,0.62609,0.62609,0.62609,0.62609,1,34,0
2024-09-26 00:35:00,0.62609,0.62609,0.62608,0.62608,2,34,0
2024-09-26 00:36:00,0.62608,0.62608,0.62606,0.62606,2,35,0
2024-09-26 00:37:00,0.62606,0.62606,0.62606,0.62606,1,35,0
2024-09-26 00:38:00,0.62606,0.62608,0.62606,0.62608,3,34,0
2024-09-26 00:39:00,0.62611,0.62611,0.62607,0.62608,10,28,0
2024-09-26 00:40:00,0.62609,0.6261,0.62607,0.62607,3,32,0
2024-09-26 00:41:00,0.62607,0.6261,0.62607,0.62608,7,33,0
2024-09-26 00:42:00,0.62607,0.6261,0.62604,0.6261,9,33,0
2024-09-26 00:43:00,0.6261,0.6262,0.62605,0.62617,9,33,0
2024-09-26 00:44:00,0.62614,0.62614,0.62612,0.62612,4,55,0
2024-09-26 00:45:00,0.62613,0.62614,0.62605,0.62614,8,33,0
2024-09-26 00:46:00,0.62614,0.62618,0.62614,0.62614,13,29,0
2024-09-26 00:47:00,0.62615,0.62618,0.62613,0.62617,12,29,0
2024-09-26 00:48:00,0.62617,0.6262,0.62616,0.62617,11,25,0
2024-09-26 00:49:00,0.62618,0.62624,0.62617,0.62617,4,28,0
2024-09-26 00:50:00,0.62617,0.62619,0.62616,0.62617,5,28,0
2024-09-26 00:51:00,0.62617,0.62623,0.62617,0.62618,4,33,0
2024-09-26 00:52:00,0.62618,0.62628,0.6261,0.62628,9,27,0
2024-09-26 00:53:00,0.62624,0.62633,0.62624,0.62631,17,13,0
2024-09-26 00:54:00,0.62632,0.62634,0.62626,0.62627,14,12,0
2024-09-26 00:55:00,0.62628,0.62629,0.62623,0.62624,18,12,0
2024-09-26 00:56:00,0.62623,0.62628,0.62621,0.62628,11,14,0
2024-09-26 00:57:00,0.62628,0.62629,0.62627,0.62627,3,24,0
2024-09-26 00:58:00,0.62629,0.62635,0.62628,0.62629,6,18,0
2024-09-26 00:59:00,0.62629,0.62629,0.62625,0.62625,5,24,0
2024-09-26 01:00:00,0.62632,0.62634,0.62596,0.62617,27,12,0
2024-09-26 01:01:00,0.62613,0.62616,0.62613,0.62615,10,14,0
2024-09-26 01:02:00,0.62616,0.62618,0.62615,0.62618,8,14,0
2024-09-26 01:03:00,0.62618,0.62621,0.62618,0.62619,10,13,0
2024-09-26 01:04:00,0.6262,0.62621,0.62597,0.62598,18,15,0
2024-09-26 01:05:00,0.62601,0.62601,0.62598,0.62601,9,15,0
2024-09-26 01:06:00,0.626,0.62602,0.62597,0.62597,11,14,0
2024-09-26 01:07:00,0.62596,0.626,0.62594,0.62594,19,15,0
2024-09-26 01:08:00,0.62592,0.62592,0.62588,0.62591,9,20,0
2024-09-26 01:09:00,0.62592,0.62592,0.62591,0.62592,3,18,0
2024-09-26 01:10:00,0.62592,0.62602,0.62592,0.62598,10,9,0
2024-09-26 01:11:00,0.62598,0.62604,0.62597,0.62604,8,8,0
2024-09-26 01:12:00,0.62602,0.62603,0.62592,0.626,15,9,0
2024-09-26 01:13:00,0.62598,0.62603,0.62593,0.62599,11,9,0
2024-09-26 01:14:00,0.62599,0.62601,0.62597,0.62601,7,10,0
2024-09-26 01:15:00,0.626,0.6262,0.62596,0.62602,15,7,0
2024-09-26 01:16:00,0.62602,0.62618,0.6259,0.62591,23,7,0
2024-09-26 01:17:00,0.62591,0.62591,0.62589,0.62589,6,14,0
2024-09-26 01:18:00,0.62589,0.62595,0.62589,0.62594,6,14,0
2024-09-26 01:19:00,0.62594,0.62594,0.62593,0.62594,7,15,0
2024-09-26 01:20:00,0.62594,0.62597,0.62593,0.62596,6,13,0
2024-09-26 01:21:00,0.62596,0.62599,0.62596,0.62599,5,14,0
2024-09-26 01:22:00,0.62599,0.62599,0.62594,0.62595,9,12,0
2024-09-26 01:23:00,0.62594,0.62599,0.62593,0.62593,22,13,0
2024-09-26 01:24:00,0.62595,0.62599,0.62594,0.62599,31,14,0
2024-09-26 01:25:00,0.62599,0.62602,0.62598,0.62601,12,12,0
2024-09-26 01:26:00,0.62605,0.62605,0.62604,0.62604,4,14,0
2024-09-26 01:27:00,0.62605,0.62606,0.62603,0.62603,8,14,0
2024-09-26 01:28:00,0.62604,0.62605,0.62603,0.62603,7,13,0
2024-09-26 01:29:00,0.62604,0.62605,0.62603,0.62605,6,14,0
2024-09-26 01:30:00,0.62604,0.62611,0.62604,0.62608,16,12,0
2024-09-26 01:31:00,0.62608,0.62609,0.62606,0.62608,17,12,0
2024-09-26 01:32:00,0.62609,0.62609,0.62603,0.62603,9,12,0
2024-09-26 01:33:00,0.62603,0.62605,0.62601,0.62605,7,12,0
2024-09-26 01:34:00,0.62605,0.62608,0.62605,0.62608,4,12,0
2024-09-26 01:35:00,0.62608,0.62611,0.62607,0.62611,9,12,0
2024-09-26 01:36:00,0.62611,0.62624,0.6261,0.62623,20,13,0
2024-09-26 01:37:00,0.62623,0.62633,0.62623,0.62633,8,12,0
2024-09-26 01:38:00,0.62632,0.62632,0.62626,0.62626,14,12,0
2024-09-26 01:39:00,0.62628,0.62628,0.62627,0.62627,8,12,0
2024-09-26 01:40:00,0.62627,0.62627,0.62624,0.62624,11,12,0
2024-09-26 01:41:00,0.62625,0.62625,0.62622,0.62623,6,11,0
2024-09-26 01:42:00,0.62623,0.62624,0.62623,0.62624,2,11,0
2024-09-26 01:43:00,0.62625,0.62633,0.62624,0.62633,8,12,0
2024-09-26 01:44:00,0.62633,0.62633,0.62632,0.62632,4,12,0
2024-09-26 01:45:00,0.62632,0.62634,0.62632,0.62634,5,13,0
2024-09-26 01:46:00,0.62634,0.62636,0.62634,0.62636,5,12,0
2024-09-26 01:47:00,0.62635,0.62638,0.62635,0.62637,13,11,0
2024-09-26 01:48:00,0.62637,0.62637,0.62631,0.62631,4,12,0
2024-09-26 01:49:00,0.62631,0.62631,0.62623,0.62623,11,12,0
2024-09-26 01:50:00,0.62623,0.62623,0.6262,0.62621,4,12,0
2024-09-26 01:51:00,0.62621,0.62621,0.62616,0.62616,8,13,0
2024-09-26 01:52:00,0.62616,0.62616,0.62616,0.62616,1,16,0
2024-09-26 01:53:00,0.62614,0.62615,0.62612,0.62613,7,12,0
2024-09-26 01:54:00,0.62613,0.62617,0.62613,0.62617,2,13,0
2024-09-26 01:55:00,0.62617,0.62622,0.62617,0.62622,9,12,0
2024-09-26 01:56:00,0.62622,0.62623,0.6262,0.62621,8,12,0
2024-09-26 01:57:00,0.62621,0.62621,0.6259,0.62592,13,10,0
2024-09-26 01:58:00,0.62593,0.62594,0.62591,0.62591,6,10,0
2024-09-26 01:59:00,0.6259,0.62593,0.6259,0.62592,7,12,0
2024-09-26 02:00:00,0.6259,0.62602,0.6259,0.62601,10,12,0
2024-09-26 02:01:00,0.626,0.62601,0.62592,0.626,15,12,0
2024-09-26 02:02:00,0.626,0.62604,0.62598,0.62599,22,12,0
2024-09-26 02:03:00,0.62599,0.62599,0.6259,0.62591,10,12,0
2024-09-26 02:04:00,0.62591,0.62593,0.6259,0.62591,12,12,0
2024-09-26 02:05:00,0.62591,0.62591,0.62575,0.62575,11,9,0
2024-09-26 02:06:00,0.62575,0.62576,0.62572,0.62576,11,13,0
2024-09-26 02:07:00,0.62575,0.62584,0.62575,0.62584,5,13,0
2024-09-26 02:08:00,0.62584,0.6259,0.62584,0.6259,6,11,0
2024-09-26 02:09:00,0.62591,0.62591,0.62588,0.62591,3,12,0
2024-09-26 02:10:00,0.62591,0.62594,0.62591,0.62594,2,11,0
2024-09-26 02:11:00,0.62594,0.62594,0.62591,0.62592,4,12,0
2024-09-26 02:12:00,0.62592,0.62595,0.62591,0.62595,4,10,0
2024-09-26 02:13:00,0.62595,0.62595,0.62593,0.62593,5,10,0
2024-09-26 02:14:00,0.62593,0.62594,0.62593,0.62594,8,10,0
2024-09-26 02:15:00,0.62594,0.62594,0.62594,0.62594,1,11,0
2024-09-26 02:16:00,0.62594,0.62594,0.62592,0.62593,3,11,0
2024-09-26 02:17:00,0.62593,0.62593,0.62592,0.62593,5,11,0
2024-09-26 02:18:00,0.62593,0.62593,0.62593,0.62593,1,12,0
2024-09-26 02:19:00,0.62593,0.62594,0.62591,0.62591,4,12,0
2024-09-26 02:20:00,0.62591,0.62593,0.62591,0.62593,8,11,0
2024-09-26 02:21:00,0.62593,0.62593,0.62593,0.62593,1,12,0
2024-09-26 02:22:00,0.62593,0.62597,0.62592,0.62592,4,12,0
2024-09-26 02:23:00,0.62592,0.62592,0.62592,0.62592,1,12,0
2024-09-26 02:24:00,0.62592,0.62592,0.62592,0.62592,1,12,0
2024-09-26 02:25:00,0.62591,0.62592,0.62591,0.62592,2,10,0
2024-09-26 02:26:00,0.62592,0.62592,0.62592,0.62592,1,12,0
2024-09-26 02:27:00,0.62592,0.62592,0.62588,0.62588,4,11,0
2024-09-26 02:28:00,0.6259,0.6259,0.62588,0.62588,4,9,0
2024-09-26 02:29:00,0.62588,0.62591,0.62588,0.6259,4,12,0
2024-09-26 02:30:00,0.6259,0.6259,0.62589,0.62589,2,13,0
2024-09-26 02:31:00,0.62589,0.62589,0.62589,0.62589,1,14,0
2024-09-26 02:32:00,0.62589,0.6259,0.62585,0.62585,8,12,0
2024-09-26 02:33:00,0.62585,0.62585,0.62583,0.62584,4,13,0
2024-09-26 02:34:00,0.62583,0.62583,0.62581,0.62582,6,12,0
2024-09-26 02:35:00,0.62582,0.62582,0.62572,0.62574,10,12,0
2024-09-26 02:36:00,0.62574,0.62579,0.62574,0.62579,4,11,0
2024-09-26 02:37:00,0.62574,0.62577,0.62574,0.62577,4,12,0
2024-09-26 02:38:00,0.62577,0.6258,0.62577,0.6258,3,12,0
2024-09-26 02:39:00,0.6258,0.62584,0.6258,0.62583,5,12,0
2024-09-26 02:40:00,0.62583,0.62584,0.62581,0.62581,7,11,0
2024-09-26 02:41:00,0.62582,0.62586,0.62582,0.62586,4,12,0
2024-09-26 02:42:00,0.62585,0.62592,0.62585,0.62592,4,12,0
2024-09-26 02:43:00,0.6259,0.6259,0.62588,0.62589,5,12,0
2024-09-26 02:44:00,0.62588,0.6259,0.62588,0.62588,8,11,0
2024-09-26 02:45:00,0.62588,0.62591,0.62588,0.62591,6,11,0
2024-09-26 02:46:00,0.62591,0.62595,0.6259,0.6259,9,11,0
2024-09-26 02:47:00,0.6259,0.6259,0.62581,0.62584,10,12,0
2024-09-26 02:48:00,0.62584,0.62584,0.62581,0.62581,5,12,0
2024-09-26 02:49:00,0.6258,0.62581,0.62572,0.62572,12,12,0
2024-09-26 02:50:00,0.62572,0.62573,0.62564,0.62573,14,12,0
2024-09-26 02:51:00,0.62573,0.6258,0.62573,0.62575,8,12,0
2024-09-26 02:52:00,0.62575,0.62575,0.62569,0.62572,11,12,0
2024-09-26 02:53:00,0.62572,0.6258,0.62572,0.62575,22,11,0
2024-09-26 02:54:00,0.62575,0.62575,0.62569,0.6257,10,12,0
2024-09-26 02:55:00,0.6257,0.6257,0.62568,0.62568,10,12,0
2024-09-26 02:56:00,0.62569,0.62575,0.62569,0.62574,20,11,0
2024-09-26 02:57:00,0.62574,0.62575,0.6256,0.6256,32,11,0
2024-09-26 02:58:00,0.62559,0.62559,0.62553,0.62555,20,11,0
2024-09-26 02:59:00,0.62555,0.62556,0.62547,0.6255,33,12,0
2024-09-26 03:00:00,0.6255,0.62561,0.6254,0.62543,43,12,0
2024-09-26 03:01:00,0.62544,0.62561,0.62542,0.62555,49,7,0
2024-09-26 03:02:00,0.62555,0.6258,0.62555,0.62579,31,11,0
2024-09-26 03:03:00,0.6258,0.62591,0.62578,0.62585,45,12,0
2024-09-26 03:04:00,0.62586,0.62593,0.62581,0.62589,31,12,0
2024-09-26 03:05:00,0.62589,0.62595,0.62585,0.62589,33,12,0
2024-09-26 03:06:00,0.62589,0.62594,0.62587,0.62589,31,12,0
2024-09-26 03:07:00,0.6259,0.6259,0.62581,0.62587,17,12,0
2024-09-26 03:08:00,0.62585,0.62592,0.62585,0.62592,23,12,0
2024-09-26 03:09:00,0.62592,0.62593,0.62588,0.62588,20,12,0
2024-09-26 03:10:00,0.62588,0.6259,0.62581,0.62582,12,12,0
2024-09-26 03:11:00,0.6258,0.62599,0.6258,0.6259,24,12,0
2024-09-26 03:12:00,0.62592,0.62593,0.6259,0.62591,11,12,0
2024-09-26 03:13:00,0.62591,0.62593,0.62589,0.6259,16,12,0
2024-09-26 03:14:00,0.62589,0.62603,0.62589,0.62602,25,12,0
2024-09-26 03:15:00,0.62604,0.62615,0.62601,0.62605,33,12,0
2024-09-26 03:16:00,0.62605,0.62614,0.62604,0.62604,29,12,0
2024-09-26 03:17:00,0.62604,0.62623,0.62602,0.6262,24,12,0
2024-09-26 03:18:00,0.62621,0.62621,0.62611,0.62617,29,12,0
2024-09-26 03:19:00,0.62616,0.62617,0.62608,0.62608,8,12,0
2024-09-26 03:20:00,0.62608,0.62608,0.62599,0.62599,13,12,0
2024-09-26 03:21:00,0.62599,0.62603,0.62584,0.62585,14,12,0
2024-09-26 03:22:00,0.62589,0.62589,0.62576,0.62581,31,12,0
2024-09-26 03:23:00,0.62581,0.62583,0.6258,0.62581,13,12,0
2024-09-26 03:24:00,0.62581,0.62591,0.62581,0.62587,13,12,0
2024-09-26 03:25:00,0.62587,0.62596,0.62586,0.62596,19,12,0
2024-09-26 03:26:00,0.62596,0.62601,0.62592,0.626,17,12,0
2024-09-26 03:27:00,0.626,0.62603,0.626,0.62601,8,12,0
2024-09-26 03:28:00,0.62601,0.62612,0.62601,0.62603,19,12,0
2024-09-26 03:29:00,0.62602,0.6261,0.62602,0.62608,22,12,0
2024-09-26 03:30:00,0.62608,0.62608,0.62604,0.62605,13,12,0
2024-09-26 03:31:00,0.62605,0.62614,0.62595,0.62614,22,12,0
2024-09-26 03:32:00,0.62614,0.62622,0.62614,0.62621,22,12,0
2024-09-26 03:33:00,0.62619,0.62623,0.62614,0.62614,18,12,0
2024-09-26 03:34:00,0.62614,0.62622,0.62614,0.62619,20,11,0
2024-09-26 03:35:00,0.62619,0.62625,0.62615,0.6262,22,12,0
2024-09-26 03:36:00,0.6262,0.6264,0.62618,0.6264,31,12,0
2024-09-26 03:37:00,0.62638,0.62638,0.62629,0.62631,13,12,0
2024-09-26 03:38:00,0.6263,0.62634,0.6263,0.62633,10,12,0
2024-09-26 03:39:00,0.62633,0.6264,0.62632,0.62637,24,12,0
2024-09-26 03:40:00,0.62637,0.62649,0.62634,0.62635,24,12,0
2024-09-26 03:41:00,0.62633,0.62637,0.6263,0.62633,19,12,0
2024-09-26 03:42:00,0.62633,0.62635,0.62621,0.62627,27,12,0
2024-09-26 03:43:00,0.62625,0.62629,0.62623,0.62625,15,12,0
2024-09-26 03:44:00,0.62629,0.62632,0.62628,0.6263,8,12,0
2024-09-26 03:45:00,0.6263,0.62632,0.62626,0.62629,15,12,0
2024-09-26 03:46:00,0.62627,0.62632,0.62626,0.6263,11,12,0
2024-09-26 03:47:00,0.62629,0.6263,0.62625,0.62627,16,12,0
2024-09-26 03:48:00,0.62628,0.6263,0.62626,0.62626,14,12,0
2024-09-26 03:49:00,0.62623,0.62625,0.62618,0.62622,39,12,0
2024-09-26 03:50:00,0.62622,0.62625,0.62617,0.62617,16,12,0
2024-09-26 03:51:00,0.62616,0.62622,0.62615,0.62618,12,12,0
2024-09-26 03:52:00,0.62616,0.62621,0.62616,0.62619,21,12,0
2024-09-26 03:53:00,0.62618,0.62619,0.62597,0.626,30,12,0
2024-09-26 03:54:00,0.62601,0.6261,0.62594,0.62594,29,12,0
2024-09-26 03:55:00,0.62592,0.62604,0.62592,0.62596,24,12,0
2024-09-26 03:56:00,0.62596,0.62598,0.62593,0.62598,21,12,0
2024-09-26 03:57:00,0.62597,0.62608,0.62597,0.62608,19,12,0
2024-09-26 03:58:00,0.62609,0.6262,0.62607,0.62612,28,12,0
2024-09-26 03:59:00,0.62612,0.62617,0.62611,0.62616,21,12,0
2024-09-26 04:00:00,0.62617,0.62639,0.6261,0.62617,33,7,0
2024-09-26 04:01:00,0.62616,0.62617,0.62591,0.62595,29,12,0
2024-09-26 04:02:00,0.62599,0.62602,0.62593,0.62601,31,8,0
2024-09-26 04:03:00,0.62602,0.62607,0.62601,0.62604,19,12,0
2024-09-26 04:04:00,0.62604,0.62607,0.62583,0.62584,22,12,0
2024-09-26 04:05:00,0.6258,0.62591,0.6258,0.62588,21,12,0
2024-09-26 04:06:00,0.62585,0.62592,0.62584,0.62587,33,12,0
2024-09-26 04:07:00,0.62586,0.62597,0.62584,0.62584,19,12,0
2024-09-26 04:08:00,0.62584,0.62585,0.62578,0.62579,15,12,0
2024-09-26 04:09:00,0.62579,0.62579,0.62569,0.62571,16,12,0
2024-09-26 04:10:00,0.62571,0.62579,0.62569,0.62578,26,12,0
2024-09-26 04:11:00,0.62581,0.62593,0.62578,0.6259,22,12,0
2024-09-26 04:12:00,0.62594,0.62597,0.62587,0.62592,34,12,0
2024-09-26 04:13:00,0.62591,0.62592,0.62574,0.62576,30,12,0
2024-09-26 04:14:00,0.62574,0.62583,0.62574,0.62582,17,12,0
2024-09-26 04:15:00,0.62582,0.62583,0.62569,0.62573,27,12,0
2024-09-26 04:16:00,0.62567,0.62579,0.62566,0.62578,26,12,0
2024-09-26 04:17:00,0.62583,0.62583,0.62565,0.62566,25,12,0
2024-09-26 04:18:00,0.62567,0.62572,0.62566,0.62567,10,12,0
2024-09-26 04:19:00,0.62567,0.62574,0.62567,0.62573,21,12,0
2024-09-26 04:20:00,0.62573,0.62575,0.6257,0.62572,19,12,0
2024-09-26 04:21:00,0.62573,0.62582,0.62571,0.62582,22,12,0
2024-09-26 04:22:00,0.62582,0.62582,0.62574,0.62579,15,12,0
2024-09-26 04:23:00,0.62578,0.62581,0.62576,0.62578,15,12,0
2024-09-26 04:24:00,0.62578,0.62581,0.62577,0.62579,18,12,0
2024-09-26 04:25:00,0.62579,0.62579,0.62553,0.62556,28,12,0
2024-09-26 04:26:00,0.62555,0.62559,0.62527,0.62531,27,11,0
2024-09-26 04:27:00,0.62531,0.62532,0.62522,0.62524,15,11,0
2024-09-26 04:28:00,0.62524,0.62533,0.6252,0.62521,37,11,0
2024-09-26 04:29:00,0.62521,0.62537,0.6252,0.62537,28,12,0
2024-09-26 04:30:00,0.62535,0.62539,0.6252,0.62528,48,11,0
2024-09-26 04:31:00,0.62529,0.62553,0.62524,0.62552,46,12,0
2024-09-26 04:32:00,0.6255,0.62559,0.62539,0.62549,48,7,0
2024-09-26 04:33:00,0.62548,0.62561,0.62537,0.62559,34,7,0
2024-09-26 04:34:00,0.62558,0.62572,0.62546,0.62571,41,7,0
2024-09-26 04:35:00,0.62571,0.62575,0.62551,0.62551,43,12,0
2024-09-26 04:36:00,0.6255,0.62554,0.62537,0.62543,32,12,0
2024-09-26 04:37:00,0.62543,0.6255,0.62542,0.62543,30,12,0
2024-09-26 04:38:00,0.62543,0.62543,0.62534,0.62537,30,12,0
2024-09-26 04:39:00,0.62537,0.62542,0.62532,0.62534,40,12,0
2024-09-26 04:40:00,0.62534,0.62542,0.62529,0.62535,39,12,0
2024-09-26 04:41:00,0.62533,0.62547,0.62533,0.62544,32,12,0
2024-09-26 04:42:00,0.62543,0.62554,0.62543,0.62551,15,12,0
2024-09-26 04:43:00,0.62553,0.62553,0.62541,0.62543,26,12,0
2024-09-26 04:44:00,0.62543,0.62556,0.62543,0.62555,38,12,0
2024-09-26 04:45:00,0.62555,0.62564,0.62554,0.62561,24,12,0
2024-09-26 04:46:00,0.62563,0.62582,0.6256,0.62578,43,12,0
2024-09-26 04:47:00,0.62578,0.62579,0.62567,0.62573,41,12,0
2024-09-26 04:48:00,0.62573,0.6259,0.62572,0.62587,40,12,0
2024-09-26 04:49:00,0.62587,0.62594,0.62582,0.62594,27,12,0
2024-09-26 04:50:00,0.62593,0.62601,0.62585,0.6259,39,12,0
2024-09-26 04:51:00,0.6259,0.62599,0.6259,0.62598,25,12,0
2024-09-26 04:52:00,0.62598,0.6261,0.62595,0.62608,34,12,0
2024-09-26 04:53:00,0.62608,0.62617,0.62601,0.6261,30,12,0
2024-09-26 04:54:00,0.6261,0.6261,0.62601,0.62602,26,12,0
2024-09-26 04:55:00,0.62602,0.62644,0.62601,0.62632,51,12,0
2024-09-26 04:56:00,0.62632,0.62686,0.62632,0.62681,64,11,0
2024-09-26 04:57:00,0.62677,0.62692,0.62666,0.62666,68,12,0
2024-09-26 04:58:00,0.62665,0.62668,0.6265,0.62656,55,12,0
2024-09-26 04:59:00,0.62656,0.62659,0.62641,0.62641,46,12,0
2024-09-26 05:00:00,0.62641,0.62654,0.62636,0.62638,36,12,0
2024-09-26 05:01:00,0.62636,0.6265,0.62626,0.62626,47,12,0
2024-09-26 05:02:00,0.62627,0.62634,0.62623,0.62631,43,12,0
2024-09-26 05:03:00,0.62631,0.62633,0.62625,0.62629,32,12,0
2024-09-26 05:04:00,0.62629,0.62634,0.62614,0.62614,41,11,0
2024-09-26 05:05:00,0.62614,0.62618,0.62596,0.62599,37,11,0
2024-09-26 05:06:00,0.626,0.62614,0.62593,0.62609,42,12,0
2024-09-26 05:07:00,0.62609,0.62613,0.62599,0.62609,26,12,0
2024-09-26 05:08:00,0.62608,0.62613,0.62598,0.62598,37,12,0
2024-09-26 05:09:00,0.62599,0.62605,0.62599,0.62604,27,12,0
2024-09-26 05:10:00,0.62604,0.62613,0.62604,0.62612,24,12,0
2024-09-26 05:11:00,0.62613,0.62643,0.62613,0.6262,32,7,0
2024-09-26 05:12:00,0.6262,0.62636,0.62614,0.62617,25,7,0
2024-09-26 05:13:00,0.62618,0.62621,0.62614,0.62619,19,12,0
2024-09-26 05:14:00,0.62622,0.62623,0.62609,0.62612,29,12,0
2024-09-26 05:15:00,0.62613,0.62613,0.62602,0.62605,23,12,0
2024-09-26 05:16:00,0.62604,0.62609,0.62603,0.62605,22,12,0
2024-09-26 05:17:00,0.62605,0.62613,0.62597,0.6261,25,12,0
2024-09-26 05:18:00,0.62604,0.62629,0.62604,0.62627,29,12,0
2024-09-26 05:19:00,0.62627,0.62633,0.62624,0.62631,14,12,0
2024-09-26 05:20:00,0.62631,0.62633,0.6263,0.62632,17,12,0
2024-09-26 05:21:00,0.62633,0.62644,0.62633,0.62643,13,12,0
2024-09-26 05:22:00,0.62643,0.62643,0.62639,0.62643,18,12,0
2024-09-26 05:23:00,0.62643,0.62645,0.62639,0.62644,17,12,0
2024-09-26 05:24:00,0.62643,0.62653,0.62643,0.62652,24,12,0
2024-09-26 05:25:00,0.62652,0.62661,0.62652,0.62658,16,12,0
2024-09-26 05:26:00,0.62657,0.62661,0.62651,0.62657,38,11,0
2024-09-26 05:27:00,0.62657,0.62669,0.62657,0.62669,23,12,0
2024-09-26 05:28:00,0.62669,0.62682,0.62669,0.62677,28,7,0
2024-09-26 05:29:00,0.62677,0.62678,0.62669,0.62671,27,12,0
2024-09-26 05:30:00,0.6267,0.62683,0.6267,0.62682,25,12,0
2024-09-26 05:31:00,0.62681,0.62684,0.62675,0.62681,19,12,0
2024-09-26 05:32:00,0.62684,0.62689,0.62684,0.62687,15,12,0
2024-09-26 05:33:00,0.62688,0.62689,0.62682,0.62689,20,12,0
2024-09-26 05:34:00,0.62688,0.62693,0.62687,0.6269,13,12,0
2024-09-26 05:35:00,0.6269,0.62694,0.62681,0.62691,31,12,0
2024-09-26 05:36:00,0.62689,0.62689,0.62682,0.62685,24,12,0
2024-09-26 05:37:00,0.62684,0.62685,0.62678,0.62679,17,12,0
2024-09-26 05:38:00,0.62679,0.62688,0.62678,0.6268,22,12,0
2024-09-26 05:39:00,0.6268,0.62684,0.62672,0.62672,21,12,0
2024-09-26 05:40:00,0.62672,0.62672,0.62662,0.62664,25,12,0
2024-09-26 05:41:00,0.62664,0.62664,0.62658,0.62662,18,12,0
2024-09-26 05:42:00,0.62662,0.62672,0.62662,0.62672,15,12,0
2024-09-26 05:43:00,0.62672,0.62683,0.62671,0.62679,34,12,0
2024-09-26 05:44:00,0.6268,0.62681,0.62677,0.62678,11,12,0
2024-09-26 05:45:00,0.62678,0.62678,0.62672,0.62674,15,12,0
2024-09-26 05:46:00,0.62668,0.62675,0.62664,0.62664,16,12,0
2024-09-26 05:47:00,0.62664,0.62664,0.62647,0.62651,21,12,0
2024-09-26 05:48:00,0.62649,0.6265,0.62643,0.62648,22,12,0
2024-09-26 05:49:00,0.62648,0.62649,0.62644,0.62646,16,12,0
2024-09-26 05:50:00,0.62647,0.62651,0.62646,0.62649,22,12,0
2024-09-26 05:51:00,0.62648,0.62653,0.62644,0.6265,20,12,0
2024-09-26 05:52:00,0.62651,0.62663,0.62651,0.62655,26,11,0
2024-09-26 05:53:00,0.62655,0.62664,0.62654,0.62663,13,12,0
2024-09-26 05:54:00,0.62663,0.6267,0.6266,0.62667,33,12,0
2024-09-26 05:55:00,0.62666,0.62668,0.62662,0.62667,25,12,0
2024-09-26 05:56:00,0.62667,0.62672,0.62664,0.62669,16,12,0
2024-09-26 05:57:00,0.62671,0.62672,0.62661,0.62661,34,12,0
2024-09-26 05:58:00,0.62661,0.62675,0.6266,0.62674,23,12,0
2024-09-26 05:59:00,0.62674,0.62686,0.62674,0.62684,35,12,0
2024-09-26 06:00:00,0.62684,0.62694,0.6268,0.62691,27,12,0
2024-09-26 06:01:00,0.62691,0.62694,0.62686,0.62692,30,12,0
2024-09-26 06:02:00,0.6269,0.6269,0.62682,0.62684,13,12,0
2024-09-26 06:03:00,0.62684,0.6269,0.62681,0.62688,15,12,0
2024-09-26 06:04:00,0.62685,0.6269,0.62681,0.62686,19,12,0
2024-09-26 06:05:00,0.62685,0.6269,0.62684,0.62689,22,12,0
2024-09-26 06:06:00,0.6269,0.62695,0.62688,0.62694,19,11,0
2024-09-26 06:07:00,0.62693,0.62695,0.62688,0.62689,13,12,0
2024-09-26 06:08:00,0.62689,0.62693,0.62688,0.62688,14,11,0
2024-09-26 06:09:00,0.62688,0.62699,0.62686,0.62696,31,12,0
2024-09-26 06:10:00,0.62695,0.62703,0.62695,0.62702,35,12,0
2024-09-26 06:11:00,0.62702,0.62704,0.62699,0.62699,24,12,0
2024-09-26 06:12:00,0.62699,0.62699,0.62687,0.62692,19,12,0
2024-09-26 06:13:00,0.62692,0.62702,0.62692,0.62697,15,12,0
2024-09-26 06:14:00,0.62697,0.627,0.62694,0.62697,26,12,0
2024-09-26 06:15:00,0.62697,0.62704,0.62696,0.62703,28,12,0
2024-09-26 06:16:00,0.62702,0.62703,0.62699,0.62702,26,12,0
2024-09-26 06:17:00,0.62702,0.62705,0.627,0.62702,11,12,0
2024-09-26 06:18:00,0.62701,0.62705,0.62697,0.62701,13,12,0
2024-09-26 06:19:00,0.62701,0.62704,0.627,0.62703,12,12,0
2024-09-26 06:20:00,0.62704,0.62704,0.62698,0.62698,7,12,0
2024-09-26 06:21:00,0.62695,0.62695,0.62686,0.62688,17,12,0
2024-09-26 06:22:00,0.62688,0.62701,0.62688,0.62697,20,12,0
2024-09-26 06:23:00,0.62695,0.62699,0.62689,0.62699,23,12,0
2024-09-26 06:24:00,0.62698,0.62698,0.62694,0.62697,20,12,0
2024-09-26 06:25:00,0.62696,0.62702,0.62693,0.62701,28,12,0
2024-09-26 06:26:00,0.627,0.62702,0.62692,0.62693,19,12,0
2024-09-26 06:27:00,0.62693,0.62693,0.62683,0.62687,25,12,0
2024-09-26 06:28:00,0.62687,0.62691,0.62686,0.6269,20,12,0
2024-09-26 06:29:00,0.62689,0.6269,0.62686,0.62686,18,12,0
2024-09-26 06:30:00,0.62686,0.62686,0.62679,0.62681,12,12,0
2024-09-26 06:31:00,0.62681,0.62681,0.6268,0.62681,5,9,0
2024-09-26 06:32:00,0.62681,0.62685,0.62681,0.62685,8,12,0
2024-09-26 06:33:00,0.62685,0.62686,0.62679,0.62681,11,12,0
2024-09-26 06:34:00,0.62681,0.62681,0.62679,0.6268,9,12,0
2024-09-26 06:35:00,0.6268,0.6268,0.6267,0.6267,13,12,0
2024-09-26 06:36:00,0.6267,0.6267,0.62659,0.62661,12,12,0
2024-09-26 06:37:00,0.62661,0.62662,0.6266,0.62662,5,12,0
2024-09-26 06:38:00,0.6266,0.62661,0.62649,0.62651,19,12,0
2024-09-26 06:39:00,0.62651,0.62652,0.62645,0.62651,15,12,0
2024-09-26 06:40:00,0.62651,0.62652,0.62645,0.62649,19,12,0
2024-09-26 06:41:00,0.6265,0.6265,0.62645,0.62647,16,12,0
2024-09-26 06:42:00,0.62647,0.62647,0.62631,0.62631,8,12,0
2024-09-26 06:43:00,0.62632,0.62634,0.6263,0.62633,12,12,0
2024-09-26 06:44:00,0.62632,0.62635,0.6263,0.62633,26,12,0
2024-09-26 06:45:00,0.6263,0.62635,0.6263,0.62631,14,12,0
2024-09-26 06:46:00,0.62632,0.62634,0.6263,0.62632,22,12,0
2024-09-26 06:47:00,0.6263,0.62639,0.6263,0.62637,14,12,0
2024-09-26 06:48:00,0.62637,0.62641,0.62637,0.6264,17,12,0
2024-09-26 06:49:00,0.6264,0.6264,0.62638,0.62639,10,12,0
2024-09-26 06:50:00,0.62639,0.6265,0.62638,0.62649,26,12,0
2024-09-26 06:51:00,0.62648,0.6266,0.62647,0.6266,15,12,0
2024-09-26 06:52:00,0.62659,0.62663,0.62659,0.62662,7,12,0
2024-09-26 06:53:00,0.62663,0.62663,0.62659,0.6266,5,12,0
2024-09-26 06:54:00,0.62662,0.62662,0.62658,0.62662,13,12,0
2024-09-26 06:55:00,0.62663,0.62686,0.62663,0.62683,30,12,0
2024-09-26 06:56:00,0.62682,0.62682,0.62678,0.6268,22,12,0
2024-09-26 06:57:00,0.62678,0.62684,0.62676,0.62681,15,12,0
2024-09-26 06:58:00,0.62681,0.62684,0.6268,0.62681,10,11,0
2024-09-26 06:59:00,0.62682,0.6269,0.6268,0.62685,17,12,0
2024-09-26 07:00:00,0.62685,0.62686,0.62673,0.62676,25,12,0
2024-09-26 07:01:00,0.62677,0.62677,0.6267,0.62671,14,12,0
2024-09-26 07:02:00,0.6267,0.6267,0.62647,0.62659,18,7,0
2024-09-26 07:03:00,0.62659,0.62659,0.62647,0.62649,28,7,0
2024-09-26 07:04:00,0.62649,0.62661,0.62638,0.62643,17,7,0
2024-09-26 07:05:00,0.62645,0.62651,0.62641,0.62651,24,7,0
2024-09-26 07:06:00,0.62651,0.62653,0.62648,0.62652,14,12,0
2024-09-26 07:07:00,0.62652,0.62652,0.62642,0.62645,11,11,0
2024-09-26 07:08:00,0.62645,0.62646,0.62637,0.6264,15,7,0
2024-09-26 07:09:00,0.62637,0.62643,0.62637,0.62643,6,12,0
2024-09-26 07:10:00,0.62643,0.62643,0.62636,0.62642,16,12,0
2024-09-26 07:11:00,0.62641,0.62646,0.62637,0.62637,13,12,0
2024-09-26 07:12:00,0.62637,0.62642,0.62637,0.62642,6,12,0
2024-09-26 07:13:00,0.62641,0.62645,0.62641,0.62645,10,12,0
2024-09-26 07:14:00,0.62643,0.6266,0.62643,0.62657,30,7,0
2024-09-26 07:15:00,0.62657,0.62665,0.62657,0.62663,16,11,0
2024-09-26 07:16:00,0.62662,0.62664,0.62661,0.62661,11,12,0
2024-09-26 07:17:00,0.62662,0.62665,0.62659,0.6266,11,12,0
2024-09-26 07:18:00,0.62659,0.62662,0.62645,0.62661,21,7,0
2024-09-26 07:19:00,0.62663,0.62672,0.62661,0.62663,10,7,0
2024-09-26 07:20:00,0.62668,0.62674,0.62666,0.62667,20,9,0
2024-09-26 07:21:00,0.62668,0.62675,0.62657,0.62667,18,7,0
2024-09-26 07:22:00,0.62667,0.62668,0.62661,0.62661,10,12,0
2024-09-26 07:23:00,0.62657,0.62665,0.62647,0.62657,16,7,0
2024-09-26 07:24:00,0.62657,0.62664,0.62657,0.62658,17,12,0
2024-09-26 07:25:00,0.62658,0.62658,0.62654,0.62656,15,12,0
2024-09-26 07:26:00,0.62656,0.62658,0.62656,0.62656,3,8,0
2024-09-26 07:27:00,0.62661,0.62661,0.62656,0.62658,12,11,0
2024-09-26 07:28:00,0.6266,0.62662,0.6266,0.6266,10,12,0
2024-09-26 07:29:00,0.6266,0.62661,0.62649,0.6266,20,7,0
2024-09-26 07:30:00,0.62661,0.62661,0.62657,0.6266,13,12,0
2024-09-26 07:31:00,0.62655,0.62661,0.62655,0.6266,13,12,0
2024-09-26 07:32:00,0.62659,0.62661,0.62657,0.62657,17,12,0
2024-09-26 07:33:00,0.62657,0.62658,0.62655,0.62656,7,12,0
2024-09-26 07:34:00,0.62658,0.62661,0.62657,0.62659,8,12,0
2024-09-26 07:35:00,0.62662,0.62668,0.62662,0.62668,10,11,0
2024-09-26 07:36:00,0.62668,0.62673,0.62659,0.62664,27,7,0
2024-09-26 07:37:00,0.62663,0.62667,0.62654,0.62655,14,11,0
2024-09-26 07:38:00,0.62656,0.62658,0.62655,0.62658,6,12,0
2024-09-26 07:39:00,0.62658,0.62659,0.62657,0.62659,8,12,0
2024-09-26 07:40:00,0.62658,0.62658,0.62652,0.62655,11,12,0
2024-09-26 07:41:00,0.62655,0.62659,0.62655,0.62655,11,12,0
2024-09-26 07:42:00,0.62656,0.62659,0.62656,0.62656,5,12,0
2024-09-26 07:43:00,0.62655,0.62657,0.62654,0.62654,5,7,0
2024-09-26 07:44:00,0.6265,0.62658,0.6265,0.62658,10,12,0
2024-09-26 07:45:00,0.62657,0.62657,0.62653,0.62656,4,12,0
2024-09-26 07:46:00,0.62658,0.62658,0.62653,0.62653,7,12,0
2024-09-26 07:47:00,0.62653,0.62655,0.62647,0.62648,22,12,0
2024-09-26 07:48:00,0.62649,0.62652,0.62646,0.62652,14,11,0
2024-09-26 07:49:00,0.62652,0.62652,0.62649,0.62649,5,12,0
2024-09-26 07:50:00,0.6265,0.62653,0.62648,0.62649,12,12,0
2024-09-26 07:51:00,0.62649,0.62652,0.62644,0.62648,14,12,0
2024-09-26 07:52:00,0.62648,0.62648,0.62629,0.62629,15,12,0
2024-09-26 07:53:00,0.62629,0.62633,0.6262,0.62625,24,12,0
2024-09-26 07:54:00,0.62625,0.62626,0.62619,0.62622,25,12,0
2024-09-26 07:55:00,0.62622,0.62624,0.62617,0.62623,24,12,0
2024-09-26 07:56:00,0.62623,0.62633,0.62622,0.62632,21,11,0
2024-09-26 07:57:00,0.62633,0.62633,0.62625,0.62631,19,12,0
2024-09-26 07:58:00,0.62632,0.62639,0.62632,0.62638,16,12,0
2024-09-26 07:59:00,0.6264,0.62646,0.62639,0.6264,11,11,0
2024-09-26 08:00:00,0.62637,0.62639,0.62631,0.62635,36,12,0
2024-09-26 08:01:00,0.62635,0.62636,0.6263,0.6263,21,12,0
2024-09-26 08:02:00,0.6263,0.6263,0.62621,0.62627,23,12,0
2024-09-26 08:03:00,0.62627,0.6264,0.62627,0.6264,24,12,0
2024-09-26 08:04:00,0.6264,0.6265,0.6264,0.6265,30,12,0
2024-09-26 08:05:00,0.62648,0.62648,0.62643,0.62648,8,12,0
2024-09-26 08:06:00,0.62647,0.62651,0.62646,0.62649,16,12,0
2024-09-26 08:07:00,0.62649,0.62661,0.62647,0.62661,17,12,0
2024-09-26 08:08:00,0.62661,0.62673,0.62659,0.62672,22,12,0
2024-09-26 08:09:00,0.62672,0.6268,0.62669,0.62673,23,12,0
2024-09-26 08:10:00,0.62673,0.62686,0.62673,0.62685,14,12,0
2024-09-26 08:11:00,0.62685,0.62694,0.62683,0.62694,10,12,0
2024-09-26 08:12:00,0.62694,0.62704,0.62693,0.62699,25,12,0
2024-09-26 08:13:00,0.62699,0.62704,0.62694,0.62703,28,11,0
2024-09-26 08:14:00,0.62704,0.62707,0.62699,0.62705,38,12,0
2024-09-26 08:15:00,0.62702,0.62717,0.62696,0.62696,44,12,0
2024-09-26 08:16:00,0.62695,0.6271,0.62695,0.62708,30,12,0
2024-09-26 08:17:00,0.62707,0.62709,0.62705,0.62709,19,12,0
2024-09-26 08:18:00,0.62709,0.62719,0.62706,0.62719,29,12,0
2024-09-26 08:19:00,0.62719,0.62724,0.62715,0.62715,19,12,0
2024-09-26 08:20:00,0.62716,0.62721,0.62713,0.62715,23,12,0
2024-09-26 08:21:00,0.62715,0.62724,0.62713,0.62719,15,12,0
2024-09-26 08:22:00,0.62719,0.62733,0.62719,0.62733,34,12,0
2024-09-26 08:23:00,0.62733,0.62733,0.6272,0.62731,26,12,0
2024-09-26 08:24:00,0.6273,0.6274,0.62727,0.62738,32,12,0
2024-09-26 08:25:00,0.62738,0.62741,0.6272,0.62723,30,12,0
2024-09-26 08:26:00,0.62723,0.62723,0.62715,0.62719,26,12,0
2024-09-26 08:27:00,0.6272,0.62734,0.6272,0.62726,32,12,0
2024-09-26 08:28:00,0.62728,0.62737,0.62726,0.62736,36,12,0
2024-09-26 08:29:00,0.62736,0.62742,0.62728,0.6274,51,12,0
2024-09-26 08:30:00,0.62741,0.6275,0.62731,0.62748,55,12,0
2024-09-26 08:31:00,0.62747,0.62751,0.62737,0.6275,47,12,0
2024-09-26 08:32:00,0.6275,0.6276,0.62748,0.62751,39,12,0
2024-09-26 08:33:00,0.62751,0.62759,0.6275,0.62759,26,12,0
2024-09-26 08:34:00,0.62759,0.62763,0.62755,0.62757,28,12,0
2024-09-26 08:35:00,0.62751,0.62755,0.62732,0.62732,25,12,0
2024-09-26 08:36:00,0.62731,0.62738,0.62727,0.62738,26,12,0
2024-09-26 08:37:00,0.62737,0.62745,0.62736,0.62742,22,12,0
2024-09-26 08:38:00,0.62741,0.62741,0.62728,0.62728,21,12,0
2024-09-26 08:39:00,0.62728,0.62738,0.62727,0.62736,13,12,0
2024-09-26 08:40:00,0.62736,0.62736,0.62723,0.62726,15,12,0
2024-09-26 08:41:00,0.62727,0.62737,0.62725,0.62734,19,12,0
2024-09-26 08:42:00,0.62728,0.62748,0.62727,0.62745,32,12,0
2024-09-26 08:43:00,0.62745,0.62751,0.62741,0.62749,24,12,0
2024-09-26 08:44:00,0.62749,0.62767,0.62748,0.62757,22,7,0
2024-09-26 08:45:00,0.62757,0.62761,0.62756,0.62758,32,11,0
2024-09-26 08:46:00,0.62758,0.62758,0.62754,0.62754,5,12,0
2024-09-26 08:47:00,0.62748,0.62749,0.62736,0.62745,28,7,0
2024-09-26 08:48:00,0.62745,0.6276,0.62742,0.62755,15,7,0
2024-09-26 08:49:00,0.62752,0.62762,0.62751,0.62757,36,7,0
2024-09-26 08:50:00,0.62757,0.62757,0.62747,0.62749,20,12,0
2024-09-26 08:51:00,0.62747,0.62747,0.62738,0.62739,19,11,0
2024-09-26 08:52:00,0.62739,0.62754,0.62736,0.62751,31,7,0
2024-09-26 08:53:00,0.62751,0.62779,0.62751,0.62778,36,12,0
2024-09-26 08:54:00,0.62777,0.62781,0.62772,0.62779,30,11,0
2024-09-26 08:55:00,0.6278,0.62789,0.6278,0.62787,25,11,0
2024-09-26 08:56:00,0.62787,0.62793,0.62785,0.62793,17,12,0
2024-09-26 08:57:00,0.62793,0.62799,0.62791,0.62794,15,12,0
2024-09-26 08:58:00,0.62791,0.62799,0.62789,0.62797,31,12,0
2024-09-26 08:59:00,0.62798,0.62799,0.62793,0.62793,18,11,0
2024-09-26 09:00:00,0.62793,0.62793,0.62778,0.62786,24,12,0
2024-09-26 09:01:00,0.62787,0.6279,0.62783,0.62783,28,12,0
2024-09-26 09:02:00,0.62783,0.6279,0.62783,0.62783,30,12,0
2024-09-26 09:03:00,0.62783,0.62787,0.62782,0.62785,29,12,0
2024-09-26 09:04:00,0.62785,0.62796,0.62778,0.62795,42,12,0
2024-09-26 09:05:00,0.62795,0.6281,0.62792,0.62805,38,12,0
2024-09-26 09:06:00,0.62805,0.62805,0.62795,0.62795,39,12,0
2024-09-26 09:07:00,0.62796,0.62797,0.62782,0.62783,43,12,0
2024-09-26 09:08:00,0.62782,0.62783,0.62772,0.62776,24,12,0
2024-09-26 09:09:00,0.62776,0.6278,0.6277,0.6278,28,12,0
2024-09-26 09:10:00,0.6278,0.62785,0.62772,0.62772,30,12,0
2024-09-26 09:11:00,0.6277,0.62782,0.62766,0.62781,27,12,0
2024-09-26 09:12:00,0.62779,0.62781,0.62772,0.62778,26,12,0
2024-09-26 09:13:00,0.62776,0.6278,0.62772,0.62778,38,12,0
2024-09-26 09:14:00,0.62777,0.62783,0.62777,0.62781,28,12,0
2024-09-26 09:15:00,0.62781,0.62787,0.62778,0.62782,21,12,0
2024-09-26 09:16:00,0.62782,0.62789,0.62764,0.62765,30,12,0
2024-09-26 09:17:00,0.62759,0.62778,0.62754,0.62777,39,11,0
2024-09-26 09:18:00,0.62776,0.62784,0.62769,0.62782,27,12,0
2024-09-26 09:19:00,0.62782,0.62796,0.62779,0.62791,28,12,0
2024-09-26 09:20:00,0.6279,0.62795,0.62783,0.62784,34,12,0
2024-09-26 09:21:00,0.62784,0.62795,0.62776,0.62785,34,12,0
2024-09-26 09:22:00,0.62787,0.62795,0.62783,0.62795,30,12,0
2024-09-26 09:23:00,0.62795,0.62799,0.62789,0.62794,21,12,0
2024-09-26 09:24:00,0.62794,0.628,0.62792,0.62796,24,12,0
2024-09-26 09:25:00,0.62795,0.628,0.62791,0.62794,23,12,0
2024-09-26 09:26:00,0.62796,0.62809,0.62791,0.62806,24,12,0
2024-09-26 09:27:00,0.62804,0.62819,0.62804,0.62816,35,12,0
2024-09-26 09:28:00,0.62816,0.62826,0.62812,0.6282,26,12,0
2024-09-26 09:29:00,0.62819,0.62824,0.62815,0.62816,41,12,0
2024-09-26 09:30:00,0.62819,0.62822,0.62811,0.62821,29,12,0
2024-09-26 09:31:00,0.62822,0.6283,0.62816,0.62821,23,12,0
2024-09-26 09:32:00,0.62821,0.62822,0.62813,0.62814,31,12,0
2024-09-26 09:33:00,0.62813,0.6282,0.62811,0.62815,30,12,0
2024-09-26 09:34:00,0.62815,0.62818,0.62806,0.62807,28,12,0
2024-09-26 09:35:00,0.62807,0.62815,0.62805,0.62812,32,12,0
2024-09-26 09:36:00,0.62811,0.6282,0.62811,0.62815,27,12,0
2024-09-26 09:37:00,0.62814,0.62817,0.62809,0.62809,24,12,0
2024-09-26 09:38:00,0.62806,0.62807,0.62794,0.62801,27,12,0
2024-09-26 09:39:00,0.62801,0.62805,0.62796,0.62796,24,12,0
2024-09-26 09:40:00,0.62796,0.62797,0.62784,0.62797,36,12,0
2024-09-26 09:41:00,0.62797,0.62797,0.62782,0.62789,34,12,0
2024-09-26 09:42:00,0.62788,0.62792,0.62782,0.62782,25,12,0
2024-09-26 09:43:00,0.6278,0.62789,0.62776,0.62787,29,12,0
2024-09-26 09:44:00,0.62787,0.62793,0.62783,0.62788,17,12,0
2024-09-26 09:45:00,0.62788,0.62808,0.62788,0.62806,23,12,0
2024-09-26 09:46:00,0.62806,0.62807,0.62791,0.62792,25,12,0
2024-09-26 09:47:00,0.62792,0.62801,0.62791,0.62794,22,12,0
2024-09-26 09:48:00,0.62794,0.628,0.62791,0.62798,22,12,0
2024-09-26 09:49:00,0.62798,0.6282,0.62797,0.62816,24,12,0
2024-09-26 09:50:00,0.62814,0.62814,0.62798,0.62801,22,12,0
2024-09-26 09:51:00,0.628,0.62801,0.6279,0.62791,21,12,0
2024-09-26 09:52:00,0.6279,0.6279,0.62777,0.62778,37,11,0
2024-09-26 09:53:00,0.62778,0.62788,0.62778,0.62787,32,12,0
2024-09-26 09:54:00,0.62787,0.62797,0.62783,0.62797,18,12,0
2024-09-26 09:55:00,0.62798,0.6281,0.62798,0.62807,22,12,0
2024-09-26 09:56:00,0.62807,0.62808,0.62802,0.62808,15,12,0
2024-09-26 09:57:00,0.62808,0.62814,0.62806,0.6281,22,12,0
2024-09-26 09:58:00,0.62807,0.62823,0.62807,0.62821,31,12,0
2024-09-26 09:59:00,0.62819,0.62828,0.62816,0.62821,40,12,0
2024-09-26 10:00:00,0.62822,0.62845,0.62819,0.62842,52,7,0
2024-09-26 10:01:00,0.62841,0.62861,0.62835,0.62853,67,7,0
2024-09-26 10:02:00,0.62856,0.62866,0.62844,0.62865,46,7,0
2024-09-26 10:03:00,0.62867,0.6287,0.62851,0.62869,34,7,0
2024-09-26 10:04:00,0.62863,0.62866,0.62846,0.62857,41,12,0
2024-09-26 10:05:00,0.62857,0.6286,0.62852,0.62853,21,12,0
2024-09-26 10:06:00,0.62854,0.6287,0.62854,0.62868,20,12,0
2024-09-26 10:07:00,0.62868,0.62869,0.62853,0.62863,31,12,0
2024-09-26 10:08:00,0.62863,0.62871,0.62856,0.62866,17,11,0
2024-09-26 10:09:00,0.62865,0.6287,0.62861,0.62862,32,11,0
2024-09-26 10:10:00,0.62862,0.62864,0.62856,0.6286,20,12,0
2024-09-26 10:11:00,0.62858,0.62861,0.62842,0.62842,29,11,0
2024-09-26 10:12:00,0.62842,0.62844,0.62827,0.62829,48,11,0
2024-09-26 10:13:00,0.62829,0.62841,0.62827,0.62836,34,12,0
2024-09-26 10:14:00,0.62834,0.62841,0.62833,0.62835,31,12,0
2024-09-26 10:15:00,0.62834,0.62849,0.62834,0.62839,27,12,0
2024-09-26 10:16:00,0.6284,0.62842,0.6283,0.6284,30,12,0
2024-09-26 10:17:00,0.6284,0.62844,0.62834,0.62837,26,12,0
2024-09-26 10:18:00,0.62837,0.62841,0.62824,0.62835,41,12,0
2024-09-26 10:19:00,0.62835,0.62836,0.62827,0.62829,28,12,0
2024-09-26 10:20:00,0.62827,0.62832,0.62821,0.62825,34,11,0
2024-09-26 10:21:00,0.62824,0.62831,0.62821,0.62826,23,12,0
2024-09-26 10:22:00,0.62825,0.62826,0.6281,0.62811,33,12,0
2024-09-26 10:23:00,0.62812,0.62813,0.62804,0.6281,37,12,0
2024-09-26 10:24:00,0.6281,0.62814,0.62806,0.62808,27,11,0
2024-09-26 10:25:00,0.62811,0.62811,0.62803,0.62805,32,11,0
2024-09-26 10:26:00,0.62808,0.62809,0.62794,0.62799,35,12,0
2024-09-26 10:27:00,0.62799,0.62801,0.62787,0.62789,34,11,0
2024-09-26 10:28:00,0.62789,0.62797,0.62788,0.62796,25,12,0
2024-09-26 10:29:00,0.62795,0.62799,0.62792,0.62793,24,12,0
2024-09-26 10:30:00,0.62791,0.62813,0.62788,0.628,66,7,0
2024-09-26 10:31:00,0.62798,0.62799,0.62785,0.62786,33,12,0
2024-09-26 10:32:00,0.62786,0.62808,0.62785,0.62807,19,12,0
2024-09-26 10:33:00,0.62807,0.62818,0.62807,0.6281,24,12,0
2024-09-26 10:34:00,0.62812,0.62829,0.62811,0.62814,42,12,0
2024-09-26 10:35:00,0.62815,0.62816,0.62806,0.62814,25,12,0
2024-09-26 10:36:00,0.62814,0.62817,0.62805,0.62812,22,11,0
2024-09-26 10:37:00,0.62813,0.62817,0.62809,0.62809,15,12,0
2024-09-26 10:38:00,0.62809,0.62823,0.62805,0.62823,18,12,0
2024-09-26 10:39:00,0.62821,0.6283,0.62818,0.62825,28,12,0
2024-09-26 10:40:00,0.62824,0.62825,0.62812,0.62821,25,11,0
2024-09-26 10:41:00,0.62821,0.62822,0.62814,0.62814,25,12,0
2024-09-26 10:42:00,0.62813,0.62825,0.62813,0.62824,31,12,0
2024-09-26 10:43:00,0.62825,0.62837,0.62823,0.62837,33,12,0
2024-09-26 10:44:00,0.6284,0.6284,0.62834,0.6284,16,12,0
2024-09-26 10:45:00,0.62839,0.6284,0.6282,0.62827,36,12,0
2024-09-26 10:46:00,0.62826,0.6283,0.62822,0.62824,27,12,0
2024-09-26 10:47:00,0.62824,0.6284,0.62824,0.6284,26,12,0
2024-09-26 10:48:00,0.62841,0.62847,0.62837,0.6284,28,11,0
2024-09-26 10:49:00,0.6284,0.62842,0.62836,0.62837,20,12,0
2024-09-26 10:50:00,0.62836,0.62838,0.62832,0.62833,24,12,0
2024-09-26 10:51:00,0.62833,0.62834,0.62823,0.62831,30,12,0
2024-09-26 10:52:00,0.62832,0.62842,0.62832,0.6284,45,12,0
2024-09-26 10:53:00,0.6284,0.62847,0.6284,0.62843,35,12,0
2024-09-26 10:54:00,0.62843,0.62843,0.62828,0.62839,37,12,0
2024-09-26 10:55:00,0.62839,0.62839,0.62821,0.62822,36,7,0
2024-09-26 10:56:00,0.6282,0.62824,0.62807,0.62816,40,12,0
2024-09-26 10:57:00,0.62815,0.62835,0.62809,0.62815,38,7,0
2024-09-26 10:58:00,0.62812,0.62818,0.62806,0.62817,35,12,0
2024-09-26 10:59:00,0.62816,0.6282,0.62816,0.62818,29,11,0
2024-09-26 11:00:00,0.62816,0.62827,0.62797,0.62803,42,11,0
2024-09-26 11:01:00,0.62804,0.62804,0.62793,0.62804,47,12,0
2024-09-26 11:02:00,0.62804,0.62807,0.62797,0.62798,42,12,0
2024-09-26 11:03:00,0.62797,0.62802,0.62792,0.62802,34,12,0
2024-09-26 11:04:00,0.62801,0.62812,0.62799,0.62807,28,12,0
2024-09-26 11:05:00,0.62807,0.6282,0.62804,0.62808,35,12,0
2024-09-26 11:06:00,0.62808,0.62812,0.62799,0.62811,36,12,0
2024-09-26 11:07:00,0.62812,0.62816,0.62795,0.62801,45,12,0
2024-09-26 11:08:00,0.62801,0.62801,0.62792,0.62793,34,12,0
2024-09-26 11:09:00,0.62793,0.62795,0.62784,0.62784,33,12,0
2024-09-26 11:10:00,0.62785,0.62786,0.62768,0.62772,28,12,0
2024-09-26 11:11:00,0.62772,0.62784,0.6277,0.62772,31,12,0
2024-09-26 11:12:00,0.62772,0.62782,0.62766,0.62782,40,11,0
2024-09-26 11:13:00,0.62779,0.62798,0.62779,0.62798,38,12,0
2024-09-26 11:14:00,0.62798,0.62805,0.62795,0.62798,42,12,0
2024-09-26 11:15:00,0.62797,0.6281,0.62796,0.62808,28,12,0
2024-09-26 11:16:00,0.62808,0.62814,0.62805,0.62805,26,12,0
2024-09-26 11:17:00,0.62805,0.6282,0.62804,0.62815,22,12,0
2024-09-26 11:18:00,0.62815,0.6282,0.62811,0.62815,25,12,0
2024-09-26 11:19:00,0.62815,0.62824,0.62815,0.62816,16,12,0
2024-09-26 11:20:00,0.62816,0.62821,0.62813,0.62817,24,12,0
2024-09-26 11:21:00,0.62817,0.62824,0.62815,0.62821,28,12,0
2024-09-26 11:22:00,0.62821,0.62836,0.62821,0.62832,42,12,0
2024-09-26 11:23:00,0.62833,0.6284,0.62827,0.62828,22,12,0
2024-09-26 11:24:00,0.62825,0.62828,0.62811,0.62816,46,12,0
2024-09-26 11:25:00,0.62817,0.62827,0.62815,0.62826,37,12,0
2024-09-26 11:26:00,0.62824,0.62827,0.62819,0.62821,42,12,0
2024-09-26 11:27:00,0.62821,0.62837,0.62821,0.62837,44,12,0
2024-09-26 11:28:00,0.62838,0.62841,0.62829,0.62831,39,12,0
2024-09-26 11:29:00,0.62832,0.62841,0.62828,0.62838,33,12,0
2024-09-26 11:30:00,0.62837,0.62844,0.6283,0.62838,23,12,0
2024-09-26 11:31:00,0.62839,0.62851,0.62838,0.62848,36,12,0
2024-09-26 11:32:00,0.62852,0.62867,0.62851,0.62861,35,12,0
2024-09-26 11:33:00,0.62862,0.62869,0.62858,0.62866,40,12,0
2024-09-26 11:34:00,0.62866,0.62878,0.62865,0.62872,49,12,0
2024-09-26 11:35:00,0.62872,0.62879,0.6287,0.62875,28,12,0
2024-09-26 11:36:00,0.62875,0.62877,0.62867,0.62867,27,12,0
2024-09-26 11:37:00,0.62868,0.62872,0.62863,0.62865,19,12,0
2024-09-26 11:38:00,0.62865,0.62865,0.62847,0.62853,36,12,0
2024-09-26 11:39:00,0.62851,0.62858,0.62842,0.62855,31,12,0
2024-09-26 11:40:00,0.62854,0.6286,0.62853,0.62853,27,12,0
2024-09-26 11:41:00,0.62853,0.62863,0.62853,0.62861,15,12,0
2024-09-26 11:42:00,0.62861,0.62862,0.62843,0.62844,29,12,0
2024-09-26 11:43:00,0.62844,0.62846,0.62824,0.62824,35,12,0
2024-09-26 11:44:00,0.62824,0.62831,0.62823,0.62823,33,12,0
2024-09-26 11:45:00,0.62823,0.62823,0.62804,0.62805,32,12,0
2024-09-26 11:46:00,0.62804,0.62812,0.62804,0.6281,30,12,0
2024-09-26 11:47:00,0.62811,0.62812,0.62806,0.62811,19,12,0
2024-09-26 11:48:00,0.62813,0.62814,0.62807,0.62808,22,12,0
2024-09-26 11:49:00,0.62807,0.6281,0.62797,0.628,33,12,0
2024-09-26 11:50:00,0.628,0.62806,0.62795,0.628,22,12,0
2024-09-26 11:51:00,0.62801,0.62807,0.62797,0.62805,28,12,0
2024-09-26 11:52:00,0.62806,0.62809,0.628,0.62801,30,12,0
2024-09-26 11:53:00,0.628,0.628,0.6279,0.62795,33,12,0
2024-09-26 11:54:00,0.62791,0.62807,0.62791,0.62806,33,12,0
2024-09-26 11:55:00,0.62806,0.62806,0.62796,0.62798,28,12,0
2024-09-26 11:56:00,0.62798,0.62801,0.62795,0.62795,20,12,0
2024-09-26 11:57:00,0.62796,0.62807,0.62796,0.62806,28,12,0
2024-09-26 11:58:00,0.62806,0.62816,0.62803,0.62813,31,12,0
2024-09-26 11:59:00,0.62813,0.62821,0.62813,0.6282,5,12,0
2024-09-26 12:00:00,0.6282,0.62836,0.6282,0.62834,39,12,0
2024-09-26 12:01:00,0.62834,0.6284,0.6283,0.62831,38,12,0
2024-09-26 12:02:00,0.62831,0.62835,0.62826,0.62827,22,12,0
2024-09-26 12:03:00,0.62827,0.62833,0.62823,0.62824,21,12,0
2024-09-26 12:04:00,0.62824,0.62836,0.62822,0.62836,27,12,0
2024-09-26 12:05:00,0.62838,0.6284,0.62834,0.6284,25,12,0
2024-09-26 12:06:00,0.62837,0.62842,0.62835,0.62841,27,12,0
2024-09-26 12:07:00,0.62843,0.62846,0.62838,0.62839,18,12,0
2024-09-26 12:08:00,0.62838,0.62841,0.62838,0.62838,15,12,0
2024-09-26 12:09:00,0.62838,0.62838,0.62829,0.62832,16,12,0
2024-09-26 12:10:00,0.62833,0.62838,0.62832,0.62834,18,12,0
2024-09-26 12:11:00,0.62834,0.62837,0.62824,0.6283,24,12,0
2024-09-26 12:12:00,0.6283,0.62836,0.6283,0.62833,22,12,0
2024-09-26 12:13:00,0.62834,0.62834,0.62822,0.62823,25,12,0
2024-09-26 12:14:00,0.62824,0.62832,0.62824,0.62826,21,12,0
2024-09-26 12:15:00,0.62825,0.6283,0.62819,0.6282,28,12,0
2024-09-26 12:16:00,0.62818,0.62829,0.62818,0.62821,25,11,0
2024-09-26 12:17:00,0.6282,0.62832,0.62819,0.62832,20,12,0
2024-09-26 12:18:00,0.62832,0.62844,0.62831,0.62841,27,12,0
2024-09-26 12:19:00,0.62842,0.62844,0.62839,0.62844,20,12,0
2024-09-26 12:20:00,0.62843,0.62856,0.62843,0.6285,26,12,0
2024-09-26 12:21:00,0.6285,0.62857,0.62847,0.62854,22,12,0
2024-09-26 12:22:00,0.62855,0.62857,0.62846,0.62846,24,12,0
2024-09-26 12:23:00,0.62846,0.62852,0.62846,0.62852,30,12,0
2024-09-26 12:24:00,0.62852,0.62852,0.62842,0.62842,18,12,0
2024-09-26 12:25:00,0.62845,0.62848,0.62837,0.62843,28,12,0
2024-09-26 12:26:00,0.62841,0.62863,0.62841,0.62861,47,12,0
2024-09-26 12:27:00,0.62861,0.62869,0.62856,0.62864,46,12,0
2024-09-26 12:28:00,0.62864,0.62879,0.62862,0.62879,26,12,0
2024-09-26 12:29:00,0.62879,0.62881,0.62868,0.62869,43,12,0
2024-09-26 12:30:00,0.62868,0.62877,0.62865,0.62871,27,12,0
2024-09-26 12:31:00,0.62871,0.62885,0.62871,0.62878,37,12,0
2024-09-26 12:32:00,0.62879,0.62883,0.62871,0.62874,33,12,0
2024-09-26 12:33:00,0.62876,0.62888,0.62873,0.62882,21,12,0
2024-09-26 12:34:00,0.6288,0.62881,0.62871,0.62874,29,12,0
2024-09-26 12:35:00,0.62873,0.62873,0.62854,0.62855,27,12,0
2024-09-26 12:36:00,0.62854,0.62859,0.62854,0.62856,24,12,0
2024-09-26 12:37:00,0.62856,0.62856,0.62847,0.62848,21,12,0
2024-09-26 12:38:00,0.62848,0.62851,0.62842,0.62844,28,12,0
2024-09-26 12:39:00,0.62844,0.62853,0.62842,0.62853,19,12,0
2024-09-26 12:40:00,0.62852,0.62861,0.6285,0.62856,32,12,0
2024-09-26 12:41:00,0.62855,0.62857,0.62852,0.62855,28,12,0
2024-09-26 12:42:00,0.62853,0.62863,0.62852,0.62859,32,12,0
2024-09-26 12:43:00,0.62858,0.6286,0.62854,0.6286,30,12,0
2024-09-26 12:44:00,0.62859,0.62862,0.62856,0.62859,21,12,0
2024-09-26 12:45:00,0.62859,0.62874,0.62859,0.62871,39,12,0
2024-09-26 12:46:00,0.62871,0.62878,0.62866,0.62878,22,12,0
2024-09-26 12:47:00,0.62878,0.62882,0.62867,0.62869,34,12,0
2024-09-26 12:48:00,0.62869,0.62871,0.62865,0.6287,16,12,0
2024-09-26 12:49:00,0.6287,0.62872,0.62866,0.62871,16,12,0
2024-09-26 12:50:00,0.62871,0.62878,0.62866,0.62878,25,11,0
2024-09-26 12:51:00,0.62877,0.6288,0.6287,0.6288,30,12,0
2024-09-26 12:52:00,0.6288,0.62885,0.62877,0.62882,20,12,0
2024-09-26 12:53:00,0.62882,0.6289,0.62882,0.62886,17,12,0
2024-09-26 12:54:00,0.62885,0.62885,0.62872,0.62873,23,12,0
2024-09-26 12:55:00,0.62873,0.62878,0.62871,0.62872,18,12,0
2024-09-26 12:56:00,0.62876,0.62879,0.62872,0.62873,31,12,0
2024-09-26 12:57:00,0.62872,0.62874,0.62851,0.62861,29,7,0
2024-09-26 12:58:00,0.62861,0.62864,0.62851,0.62857,38,10,0
2024-09-26 12:59:00,0.62858,0.62863,0.62851,0.62863,31,12,0
2024-09-26 13:00:00,0.62864,0.62871,0.62843,0.62853,50,7,0
2024-09-26 13:01:00,0.62852,0.62856,0.62836,0.62842,41,7,0
2024-09-26 13:02:00,0.6284,0.62861,0.6284,0.62861,40,7,0
2024-09-26 13:03:00,0.6286,0.6287,0.6286,0.62867,32,11,0
2024-09-26 13:04:00,0.62864,0.62869,0.62851,0.62868,17,7,0
2024-09-26 13:05:00,0.62868,0.62877,0.62862,0.62863,16,12,0
2024-09-26 13:06:00,0.62864,0.62865,0.62859,0.62859,13,12,0
2024-09-26 13:07:00,0.62859,0.62867,0.62859,0.62863,17,12,0
2024-09-26 13:08:00,0.62864,0.62873,0.62863,0.62873,30,11,0
2024-09-26 13:09:00,0.62873,0.62886,0.6287,0.62884,29,12,0
2024-09-26 13:10:00,0.62883,0.62891,0.62883,0.62886,29,12,0
2024-09-26 13:11:00,0.62886,0.62889,0.62884,0.62889,24,12,0
2024-09-26 13:12:00,0.62887,0.62899,0.62886,0.62899,32,12,0
2024-09-26 13:13:00,0.62901,0.62901,0.62893,0.62894,19,12,0
2024-09-26 13:14:00,0.62894,0.629,0.62894,0.62898,24,11,0
2024-09-26 13:15:00,0.62897,0.62906,0.62894,0.62902,28,11,0
2024-09-26 13:16:00,0.62899,0.62899,0.62893,0.62896,27,12,0
2024-09-26 13:17:00,0.62896,0.62901,0.62891,0.62899,24,11,0
2024-09-26 13:18:00,0.62899,0.62899,0.62896,0.62896,3,12,0
